id,name,intelligence,strength,speed,durability,power,combat,publisher,alignment,gender,race
1,A-Bomb,38,100,17,80,24,64,Marvel Comics,good,Male,Human
2,Abe Sapien,88,28,35,65,100,85,Dark Horse Comics,good,Male,Icthyo Sapien
3,Abin Sur,50,90,53,64,99,65,DC Comics,good,Male,Ungaran
4,Abomination,63,80,53,90,62,95,Marvel Comics,bad,Male,Human / Radiation
5,Abraxas,88,63,83,100,100,55,Marvel Comics,bad,Male,Cosmic Entity
6,Absorbing Man,38,80,25,100,98,64,Marvel Comics,bad,Male,Human
7,Adam Monroe,63,10,12,100,100,64,NBC - Heroes,good,Male,
8,Adam Strange,69,10,33,40,37,50,DC Comics,good,Male,Human
9,Agent 13,,46,,,,,Sharon Carter,good,Female,
10,Agent Bob,10,8,13,5,5,20,Marvel Comics,good,Male,Human
11,Agent Zero,75,28,38,80,72,95,Marvel Comics,good,Male,
12,Air-Walker,50,85,100,85,100,40,Marvel Comics,bad,Male,
13,Ajax,56,48,35,80,34,55,Marvel Comics,bad,Male,Cyborg
14,Alan Scott,63,80,23,90,100,32,DC Comics,good,Male,
15,Alex Mercer,50,80,42,90,100,50,Wildstorm,bad,Male,Human
16,Alex Woolsly,,37,,,,,NBC - Heroes,good,Male,
17,Alfred Pennyworth,63,10,17,10,7,55,DC Comics,good,Male,Human
18,Alien,50,28,42,90,57,60,Dark Horse Comics,bad,Male,Xenomorph XX121
19,Allan Quatermain,,,,,,,Wildstorm,good,Male,
20,Amazo,63,100,83,100,100,100,DC Comics,bad,Male,Android
21,Ammo,,,,,,,Marvel Comics,bad,Male,Human
22,Ando Masahashi,,,,,,,NBC - Heroes,good,Male,
23,Angel,75,30,58,90,100,75,Dark Horse Comics,good,Male,Vampire
24,Angel,63,13,46,64,28,42,Archangel,good,Male,
25,Angel Dust,38,55,23,42,17,30,Marvel Comics,good,Female,Mutant
26,Angel Salvadore,38,10,28,28,56,60,Tempest,good,Female,
27,Angela,,97,,,,,Image Comics,bad,Female,
28,Animal Man,56,48,47,85,73,80,DC Comics,good,Male,Human
29,Annihilus,75,80,47,56,59,64,Marvel Comics,bad,Male,
30,Ant-Man,100,18,23,28,32,32,Giant-Man,good,Male,Human
31,Ant-Man II,75,18,17,40,53,30,Marvel Comics,good,Male,Human
32,Anti-Monitor,88,100,50,100,100,90,DC Comics,bad,Male,God / Eternal
33,Anti-Spawn,,58,,,,,Image Comics,bad,Male,
34,Anti-Venom,75,60,65,90,96,84,Toxin,,Male,Symbiote
35,Apocalypse,100,100,33,100,100,60,Marvel Comics,bad,Male,Mutant
36,Aquababy,10,16,12,14,37,14,DC Comics,good,Male,
37,Aqualad,63,44,42,75,89,60,DC Comics,good,Male,Atlantean
38,Aquaman,81,85,79,80,100,80,DC Comics,good,Male,Atlantean
39,Arachne,50,48,50,70,71,70,Marvel Comics,good,Female,Human
40,Archangel,63,13,58,64,35,42,Angel,good,Male,Mutant
41,Arclight,38,63,23,42,52,70,Marvel Comics,bad,Female,
42,Ardina,63,100,100,80,100,25,Marvel Comics,good,Female,Alien
43,Ares,75,82,35,80,84,101,Marvel Comics,good,Male,
44,Ariel,50,10,12,14,94,28,Marvel Comics,good,Female,
45,Armor,50,63,12,80,55,54,Marvel Comics,good,Female,
46,Arsenal,,54,,,,,Speedy,good,Male,Human
47,Astro Boy,,90,,,,,,good,Male,
48,Atlas,63,80,25,100,98,50,Goliath,good,Male,Mutant
49,Atlas,63,100,42,100,27,80,DC Comics,bad,Male,God / Eternal
50,Atom,,,,,,,DC Comics,good,Male,
51,Atom,,,,,,,DC Comics,good,Male,
52,Atom Girl,38,10,23,28,38,42,DC Comics,good,Female,
53,Atom II,88,10,33,45,40,60,DC Comics,good,Male,Human
54,Atom III,,,,,,,DC Comics,good,Male,
55,Atom IV,,,,,,,DC Comics,good,Male,
56,Aurora,63,10,96,60,74,56,Marvel Comics,good,Female,Mutant
57,Azazel,50,11,47,95,100,80,Marvel Comics,bad,Male,Neyaphem
58,Azrael,63,18,17,20,35,80,DC Comics,good,Male,Human
59,Aztar,,98,,,,,Spectre,good,Male,
60,Bane,88,38,23,56,51,95,DC Comics,bad,Male,Human
61,Banshee,50,10,58,40,63,70,Marvel Comics,good,Male,Human
62,Bantam,25,53,23,54,21,56,Marvel Comics,good,Male,
63,Batgirl,88,11,33,40,34,90,Oracle,good,Female,Human
64,Batgirl,,27,,,,,Hawkfire,good,Female,
65,Batgirl III,,43,,,,,Huntress,good,Female,
66,Batgirl IV,69,12,27,56,46,100,DC Comics,good,Female,Human
67,Batgirl V,,,,,,,Misfit,good,Female,
68,Batgirl VI,75,10,23,28,22,80,Spoiler,good,Female,
69,Batman,81,40,29,55,63,90,DC Comics,good,Male,Human
70,Batman,100,26,27,50,47,100,DC Comics,good,Male,Human
71,Batman II,88,11,33,28,36,100,Nightwing,good,Male,Human
72,Battlestar,50,53,35,74,48,74,Marvel Comics,good,Male,
73,Batwoman V,81,8,29,25,27,80,DC Comics,good,Female,Human
74,Beak,,,,,,,Marvel Comics,good,Male,
75,Beast,94,48,38,60,43,85,Marvel Comics,good,Male,Mutant
76,Beast Boy,50,28,50,70,79,40,DC Comics,good,Male,Human
77,Beetle,,54,,,,,Marvel Comics,bad,Male,
78,Ben 10,10,7,8,10,90,40,DC Comics,good,Male,
79,Beta Ray Bill,63,80,35,95,100,84,Marvel Comics,good,Male,
80,Beyonder,100,100,100,100,100,84,Marvel Comics,good,Male,God / Eternal
81,Big Barda,88,100,79,100,100,100,DC Comics,bad,Female,New God
82,Big Daddy,38,10,12,32,22,64,Icon Comics,good,Male,
83,Big Man,75,12,23,28,19,70,Marvel Comics,bad,Male,
84,Bill Harken,63,36,33,60,27,40,SyFy,good,Male,Alpha
85,Billy Kincaid,,,,,,,Image Comics,bad,Male,
86,Binary,,,,,,,Captain Marvel,good,Female,
87,Bionic Woman,56,37,33,40,20,40,,good,Female,Cyborg
88,Bird-Brain,25,10,35,28,21,42,Marvel Comics,good,,
89,Bird-Man,,,,,,,Marvel Comics,bad,Male,Human
90,Bird-Man II,,,,,,,Marvel Comics,bad,Male,Human
91,Birdman,,35,,,,,Hanna-Barbera,good,Male,God / Eternal
92,Bishop,63,14,23,75,100,65,Marvel Comics,good,Male,Mutant
93,Bizarro,38,95,100,100,100,85,DC Comics,neutral,Male,Bizarro
94,Black Abbott,,,,,,,Marvel Comics,bad,Male,
95,Black Adam,88,100,92,100,100,56,DC Comics,bad,Male,
96,Black Bolt,75,67,100,84,100,56,Marvel Comics,good,Male,Inhuman
97,Black Canary,63,8,33,20,52,80,DC Comics,good,Female,Metahuman
98,Black Canary,63,8,33,15,45,80,DC Comics,good,Female,Human
99,Black Cat,75,16,33,10,23,70,Marvel Comics,good,Female,Human
100,Black Flash,44,10,100,80,100,30,DC Comics,neutral,Male,God / Eternal
101,Black Goliath,,,,,,,Marvel Comics,good,Male,
102,Black Knight III,63,10,8,70,43,70,Marvel Comics,good,Male,Human
103,Black Lightning,50,11,53,28,70,75,DC Comics,good,Male,
104,Black Mamba,75,10,35,42,88,65,Marvel Comics,bad,Female,
105,Black Manta,75,28,50,60,76,85,DC Comics,bad,Male,Human
106,Black Panther,88,16,30,60,41,100,Marvel Comics,good,Male,Human
107,Black Widow,75,13,33,30,36,100,Marvel Comics,good,Female,Human
108,Black Widow II,,48,,,,,Marvel Comics,good,Female,
109,Blackout,63,32,45,80,45,65,Marvel Comics,bad,Male,Demon
110,Blackwing,38,10,35,32,20,56,Marvel Comics,bad,Male,
111,Blackwulf,50,28,8,30,69,25,Marvel Comics,,Male,Alien
112,Blade,63,28,38,50,40,90,Marvel Comics,good,Male,Vampire
113,Blaquesmith,,,,,,,Vertigo II,good,,
114,Bling!,69,14,12,90,52,28,Marvel Comics,good,Female,
115,Blink,50,8,20,28,77,64,Marvel Comics,good,Female,Mutant
116,Blizzard,,,,,,,Marvel Comics,bad,Male,
117,Blizzard,,72,,,,,Marvel Comics,bad,Male,
118,Blizzard II,38,10,27,42,47,56,Marvel Comics,bad,Male,
119,Blob,10,83,23,95,28,72,Marvel Comics,bad,Male,
120,Bloodaxe,63,80,33,80,100,84,Marvel Comics,bad,Female,Human
121,Bloodhawk,50,10,50,80,80,64,Marvel Comics,good,Male,Mutant
122,Bloodwraith,,72,,,,,Marvel Comics,bad,Male,
123,Blue Beetle,,,,,,,DC Comics,good,Male,
124,Blue Beetle,,,,,,,DC Comics,good,Male,
125,Blue Beetle II,,45,,,,,DC Comics,good,Male,
126,Blue Beetle III,50,34,58,80,100,30,DC Comics,good,Male,Human
127,Boba Fett,63,10,38,36,68,70,George Lucas,bad,Male,Human / Clone
128,Bolt,,,,,,,Marvel Comics,good,Male,
129,Bomb Queen,,73,,,,,Image Comics,bad,Female,
130,Boom-Boom,38,10,12,42,57,64,Meltdown,good,Female,Mutant
131,Boomer,,,,,,,Marvel Comics,good,Female,
132,Booster Gold,69,85,42,70,100,40,DC Comics,good,Male,Human
133,Box,,,,,,,Marvel Comics,good,Male,
134,Box III,,,,,,,Marvel Comics,good,,
135,Box IV,50,75,23,28,11,56,Gemini V,good,,
136,Brainiac,100,95,63,90,60,75,DC Comics,bad,Male,Android
137,Brainiac 5,100,10,23,28,60,32,DC Comics,good,Male,
138,Brother Voodoo,,65,,,,,Marvel Comics,good,Male,Human
139,Brundlefly,69,32,25,40,27,15,,,Male,Mutant
140,Buffy,63,28,42,70,48,60,Dark Horse Comics,good,Female,Human
141,Bullseye,50,11,25,70,20,70,Marvel Comics,bad,Male,Human
142,Bumblebee,63,28,25,10,47,35,DC Comics,good,Female,Human
143,Bumbleboy,,,,,,,Marvel Comics,good,Male,
144,Bushido,38,10,8,10,19,70,DC Comics,good,Male,Human
145,Cable,88,48,23,56,100,80,Marvel Comics,good,Male,Mutant
146,Callisto,63,53,23,42,52,85,Marvel Comics,bad,Female,
147,Cameron Hicks,50,10,23,28,51,70,SyFy,good,Male,Alpha
148,Cannonball,50,28,67,99,94,56,Marvel Comics,good,Male,
149,Captain America,69,19,38,55,60,100,Marvel Comics,good,Male,Human
150,Captain Atom,81,93,83,90,100,80,DC Comics,good,Male,Human / Radiation
151,Captain Britain,75,77,50,60,31,80,Marvel Comics,good,Male,Human
152,Captain Cold,50,10,17,20,28,20,DC Comics,neutral,Male,Human
153,Captain Epic,,,,,,,Team Epic TV,good,Male,
154,Captain Hindsight,25,10,83,30,10,20,South Park,good,Male,Human
155,Captain Mar-vell,,80,,,,,Marvel Comics,good,Male,
156,Captain Marvel,88,100,88,95,100,75,DC Comics,good,Male,Human
157,Captain Marvel,84,88,71,95,100,90,Binary,good,Female,Human-Kree
158,Captain Marvel II,75,81,27,90,34,56,DC Comics,good,Male,Human
159,Captain Midnight,,,,,,,Dark Horse Comics,good,Male,Human
160,Captain Planet,50,88,75,80,100,60,Marvel Comics,good,Male,God / Eternal
161,Captain Universe,,92,,,,,Marvel Comics,good,,God / Eternal
162,Carnage,63,63,70,84,88,90,Marvel Comics,bad,Male,Symbiote
163,Cat,,90,,,,,Marvel Comics,good,Female,
164,Cat II,,,,,,,Marvel Comics,good,Female,
165,Catwoman,69,11,33,28,27,85,DC Comics,good,Female,Human
166,Cecilia Reyes,,,,,,,Marvel Comics,good,,
167,Century,88,80,53,64,100,100,Marvel Comics,good,Male,Alien
168,Cerebra,,57,,,,,Marvel Comics,good,Female,Mutant
169,Chamber,50,10,20,80,57,64,Marvel Comics,good,Male,Mutant
170,Chameleon,88,10,12,28,28,28,DC Comics,bad,Male,
171,Changeling,63,10,23,42,64,64,Marvel Comics,bad,Male,
172,Cheetah,38,8,42,20,32,70,DC Comics,bad,Female,Human
173,Cheetah II,38,20,42,20,39,60,DC Comics,bad,Female,Human
174,Cheetah III,88,100,88,80,78,95,DC Comics,bad,Female,Human
175,Chromos,,,,,,,Team Epic TV,bad,Male,
176,Chuck Norris,50,80,47,56,42,99,,good,Male,
177,Citizen Steel,50,95,33,100,23,60,DC Comics,good,Male,Human
178,Claire Bennet,38,9,12,100,90,28,NBC - Heroes,good,Female,
179,Clea,,39,,,,,Marvel Comics,good,,
180,Cloak,63,10,47,64,100,56,Marvel Comics,good,Male,
181,Clock King,75,10,17,10,7,40,DC Comics,bad,Male,Human
182,Cogliostro,,,,,,,Image Comics,bad,Male,
183,Colin Wagner,,,,,,,HarperCollins,good,Male,
184,Colossal Boy,,,,,,,DC Comics,good,Male,
185,Colossus,63,83,33,100,45,80,Marvel Comics,good,Male,Mutant
186,Copycat,56,10,21,25,54,60,Marvel Comics,neutral,Female,Mutant
187,Corsair,,16,,,,,Marvel Comics,good,Male,
188,Cottonmouth,50,10,8,10,27,25,Marvel Comics,bad,Male,Human
189,Crimson Crusader,,58,,,,,Marvel Comics,good,Male,
190,Crimson Dynamo,,65,,,,,Marvel Comics,good,Male,
191,Crystal,63,16,12,14,61,56,Marvel Comics,good,Female,Inhuman
192,Curse,,,,,,,Image Comics,bad,Male,
193,Cy-Gor,,96,,,,,Image Comics,bad,Male,
194,Cyborg,75,53,42,85,71,64,DC Comics,good,Male,Cyborg
195,Cyborg Superman,75,93,92,100,100,80,DC Comics,bad,Male,Cyborg
196,Cyclops,75,10,23,42,76,80,Marvel Comics,good,Male,Mutant
197,Cypher,,44,,,,,Marvel Comics,good,,
198,Dagger,63,10,35,42,52,70,Marvel Comics,good,Female,
199,Danny Cooper,,,,,,,HarperCollins,good,Male,
200,Daphne Powell,38,10,8,10,56,10,ABC Studios,good,Female,
201,Daredevil,75,13,25,35,61,100,Marvel Comics,good,Male,Human
202,Darkhawk,50,32,33,70,74,64,Marvel Comics,good,Male,Human
203,Darkman,75,14,23,85,12,28,Universal Studios,good,Male,
204,Darkseid,88,100,83,100,100,95,DC Comics,bad,Male,New God
205,Darkside,,,,,,,,bad,,
206,Darkstar,38,8,35,42,79,64,Marvel Comics,good,Female,Mutant
207,Darth Maul,56,48,50,30,100,100,George Lucas,bad,Male,Dathomirian Zabrak
208,Darth Vader,69,48,33,35,100,100,George Lucas,bad,Male,Cyborg
209,Dash,25,12,92,60,20,30,Dark Horse Comics,good,Male,Human
210,Data,100,32,21,40,56,50,Star Trek,good,Male,Android
211,Dazzler,63,10,33,60,100,55,Marvel Comics,good,Female,Mutant
212,Deadman,50,10,33,100,100,42,DC Comics,good,Male,Human
213,Deadpool,69,32,50,100,100,100,Evil Deadpool,neutral,Male,Mutant
214,Deadshot,50,10,23,28,55,80,DC Comics,bad,Male,Human
215,Deathlok,69,32,30,70,40,60,Marvel Comics,good,Male,Cyborg
216,Deathstroke,75,30,35,100,47,90,DC Comics,neutral,Male,Human
217,Demogoblin,50,48,42,35,67,60,Marvel Comics,bad,Male,Demon
218,Destroyer,50,95,58,98,85,70,Marvel Comics,bad,Male,
219,Diamondback,44,16,23,28,45,60,Marvel Comics,bad,Male,Human
220,DL Hawkins,50,12,12,56,48,56,NBC - Heroes,good,Male,
221,Doc Samson,75,80,33,80,36,70,Marvel Comics,good,Male,Human / Radiation
222,Doctor Doom,100,32,20,100,100,84,Marvel Comics,bad,Male,Human
223,Doctor Doom II,,,,,,,Marvel Comics,bad,Male,
224,Doctor Fate,81,16,25,80,100,50,DC Comics,good,Male,Human
225,Doctor Octopus,94,48,33,40,53,65,Marvel Comics,bad,Male,Human
226,Doctor Strange,100,10,12,84,100,60,Marvel Comics,good,Male,Human
227,Domino,63,10,27,28,49,74,Marvel Comics,good,Female,Human
228,Donatello,88,14,46,60,58,75,IDW Publishing,good,Male,Mutant
229,Donna Troy,,89,,,,,DC Comics,good,Female,Amazon
230,Doomsday,75,100,67,100,100,90,DC Comics,bad,Male,Alien
231,Doppelganger,8,63,60,95,69,84,Marvel Comics,bad,Male,
232,Dormammu,88,95,83,100,100,80,Marvel Comics,bad,Male,
233,Dr Manhattan,88,100,42,100,100,42,DC Comics,good,Male,Human / Cosmic
234,Drax the Destroyer,56,80,25,85,46,65,Marvel Comics,good,Male,Human / Altered
235,Ego,88,80,83,99,71,28,Marvel Comics,bad,,
236,Elastigirl,63,32,33,95,52,70,Dark Horse Comics,good,Female,Human
237,Electro,69,10,50,56,67,64,Marvel Comics,bad,Male,Human
238,Elektra,63,11,30,28,59,100,Marvel Comics,good,Female,Human
239,Elle Bishop,50,8,12,42,63,42,NBC - Heroes,bad,Female,
240,Elongated Man,75,10,33,90,44,40,DC Comics,good,Male,
241,Emma Frost,75,63,35,90,100,42,Marvel Comics,good,Female,
242,Enchantress,63,14,25,60,100,40,DC Comics,good,Female,Human
243,Energy,,,,,,,HarperCollins,good,Female,
244,ERG-1,,,,,,,DC Comics,good,Male,
245,Ethan Hunt,75,11,29,30,26,95,,good,Male,Human
246,Etrigan,50,85,17,100,100,50,DC Comics,neutral,Male,Demon
247,Evil Deadpool,69,32,50,100,100,100,Deadpool,bad,Male,Mutant
248,Evilhawk,50,32,33,70,85,64,Marvel Comics,bad,Male,Alien
249,Exodus,63,81,28,28,100,70,Marvel Comics,bad,Male,Mutant
250,Fabian Cortez,,,,,,,Marvel Comics,bad,,
251,Falcon,38,13,50,28,22,64,Marvel Comics,good,Male,Human
252,Fallen One II,88,85,83,100,100,56,Marvel Comics,bad,Male,
253,Faora,88,95,75,100,98,90,DC Comics,bad,Female,Kryptonian
254,Feral,38,28,45,28,27,70,Marvel Comics,good,,
255,Fighting Spirit,,,,,,,DC Comics,good,Female,
256,Fin Fang Foom,50,81,23,100,75,70,Marvel Comics,good,Male,Kakarantharaian
257,Firebird,38,8,40,14,100,42,Marvel Comics,good,Female,
258,Firelord,38,63,75,90,52,28,Marvel Comics,good,,
259,Firestar,50,8,54,55,71,32,Marvel Comics,good,Female,Mutant
260,Firestorm,50,53,58,56,100,42,DC Comics,good,Male,
261,Firestorm,38,80,58,80,100,40,DC Comics,good,Male,Human
262,Fixer,,,,,,,Marvel Comics,bad,,
263,Flash,63,10,100,50,68,32,DC Comics,good,Male,Human
264,Flash Gordon,,69,,,,,,good,Male,
265,Flash II,88,48,100,60,100,60,Black Racer,good,Male,Black Racer
266,Flash III,63,10,100,60,100,32,Speed Demon,good,Male,Human
267,Flash IV,63,10,100,32,100,48,Impulse,good,Male,Human
268,Forge,63,10,12,28,25,48,Marvel Comics,good,,
269,Franklin Richards,63,80,50,60,100,50,Marvel Comics,good,Male,Mutant
270,Franklin Storm,38,10,1,1,0,10,Marvel Comics,good,,
271,Frenzy,63,53,35,100,38,52,Marvel Comics,bad,Female,
272,Frigga,,,,,,,Marvel Comics,good,Female,
273,Galactus,100,100,83,100,100,50,Marvel Comics,neutral,Male,Cosmic Entity
274,Gambit,63,10,23,28,55,84,Marvel Comics,good,Male,Mutant
275,Gamora,75,85,42,85,53,100,Marvel Comics,good,Female,Zen-Whoberian
276,Garbage Man,,82,,,,,DC Comics,good,Male,Mutant
277,Gary Bell,63,5,8,10,54,10,SyFy,good,Male,Alpha
278,General Zod,94,100,96,100,100,95,DC Comics,bad,Male,Kryptonian
279,Genesis,,68,,,,,Marvel Comics,good,Male,
280,Ghost Rider,50,55,25,100,100,60,Marvel Comics,good,Male,Demon
281,Ghost Rider II,,70,,,,,Marvel Comics,good,,
282,Giant-Man,,78,,,,,Ant-Man,good,Male,Human
283,Giant-Man II,,,,,,,Marvel Comics,good,Male,
284,Giganta,81,89,23,85,32,42,DC Comics,bad,Female,
285,Gladiator,50,100,100,100,77,70,Marvel Comics,neutral,Male,Strontian
286,Goblin Queen,75,10,23,28,65,56,Marvel Comics,bad,Female,
287,Godzilla,44,100,54,100,100,20,,bad,,Kaiju
288,Gog,50,34,47,72,39,56,DC Comics,bad,Male,
289,Goku,56,100,75,90,100,100,Shueisha,good,Male,Saiyan
290,Goliath,,,,,,,Atlas,good,Male,
291,Goliath,,,,,,,Hawkeye,good,Male,Human
292,Goliath,,,,,,,Ant-Man,good,Male,Human
293,Goliath IV,,,,,,,Marvel Comics,good,Male,
294,Gorilla Grodd,81,53,33,70,100,65,DC Comics,bad,Male,Gorilla
295,Granny Goodness,,96,,,,,DC Comics,bad,Female,
296,Gravity,50,32,33,40,69,30,Marvel Comics,good,Male,Human
297,Greedo,38,10,13,15,31,40,George Lucas,bad,Male,Rodian
298,Green Arrow,81,12,35,28,39,90,DC Comics,good,Male,Human
299,Green Goblin,100,48,38,60,48,50,Marvel Comics,bad,Male,Human
300,Green Goblin II,75,55,37,50,44,26,Marvel Comics,bad,Male,
301,Green Goblin III,,,,,,,Marvel Comics,good,Male,
302,Green Goblin IV,,,,,,,Marvel Comics,good,Male,
303,Groot,75,85,33,70,100,64,Marvel Comics,good,Male,Flora Colossus
304,Guardian,,45,,,,,Marvel Comics,good,Male,Human
305,Guy Gardner,38,90,53,64,100,64,DC Comics,good,Male,Human-Vuldarian
306,Hal Jordan,69,90,75,80,100,70,DC Comics,good,Male,Human
307,Han Solo,50,10,17,20,43,60,George Lucas,good,Male,Human
308,Hancock,63,90,67,100,100,50,Sony Pictures,good,Male,Human
309,Harley Quinn,88,12,33,65,55,80,DC Comics,bad,Female,Human
310,Harry Potter,75,7,21,10,100,50,J. K. Rowling,good,Male,Human
311,Havok,63,10,25,60,71,45,Marvel Comics,good,Male,Mutant
312,Hawk,38,38,35,95,43,42,DC Comics,good,Male,
313,Hawkeye,56,12,21,10,29,80,Goliath,good,Male,Human
314,Hawkeye II,50,6,8,10,24,50,Marvel Comics,good,Female,Human
315,Hawkgirl,50,28,53,99,96,72,DC Comics,good,Female,
316,Hawkman,,66,,,,,DC Comics,good,Male,
317,Hawkwoman,,96,,,,,DC Comics,good,Female,
318,Hawkwoman II,,,,,,,DC Comics,good,Female,
319,Hawkwoman III,,92,,,,,DC Comics,good,Female,
320,Heat Wave,38,10,17,45,27,30,DC Comics,bad,Male,Human
321,Hela,63,100,46,100,100,45,Marvel Comics,bad,Female,Asgardian
322,Hellboy,63,53,21,95,73,75,Dark Horse Comics,good,Male,Demon
323,Hellcat,63,11,33,45,46,70,Marvel Comics,good,Female,Human
324,Hellstorm,,56,,,,,Marvel Comics,good,Male,
325,Hercules,63,100,46,85,89,100,Marvel Comics,good,Male,Demi-God
326,Hiro Nakamura,,15,,,,,NBC - Heroes,good,Male,
327,Hit-Girl,56,7,29,20,27,65,Icon Comics,good,Female,Human
328,Hobgoblin,,53,,,,,Marvel Comics,bad,Male,
329,Hollow,,,,,,,Marvel Comics,good,Female,
330,Hope Summers,63,10,12,32,93,75,Marvel Comics,good,Female,
331,Howard the Duck,,44,,,,,Marvel Comics,good,Male,
332,Hulk,88,100,63,100,98,85,Marvel Comics,good,Male,Human / Radiation
333,Human Torch,63,11,63,70,87,42,Marvel Comics,good,Male,Human / Radiation
334,Huntress,69,10,23,28,34,95,Batgirl III,good,Female,
335,Husk,63,63,35,78,48,64,Marvel Comics,good,Female,Mutant
336,Hybrid,63,63,58,75,100,80,Marvel Comics,good,Male,Symbiote
337,Hydro-Man,38,13,25,80,66,50,Marvel Comics,bad,Male,
338,Hyperion,88,100,100,95,87,80,Marvel Comics,good,Male,Eternal
339,Iceman,63,32,53,100,100,64,Marvel Comics,good,Male,Mutant
340,Impulse,50,10,100,60,74,60,Flash IV,good,Male,Human
341,Indiana Jones,69,10,17,30,19,30,George Lucas,good,Male,Human
342,Indigo,75,63,50,50,100,50,DC Comics,neutral,Female,Alien
343,Ink,38,28,17,40,73,50,Marvel Comics,good,Male,Mutant
344,Invisible Woman,88,10,27,85,93,56,Marvel Comics,good,Female,Human / Radiation
345,Iron Fist,75,55,33,50,95,100,Marvel Comics,good,Male,Human
346,Iron Man,100,85,58,85,100,64,Marvel Comics,good,Male,Human
347,Iron Monger,88,63,25,90,57,56,Marvel Comics,bad,Male,
348,Isis,75,48,75,46,50,56,DC Comics,good,Female,
349,Jack Bauer,,43,,,,,,good,Male,
350,Jack of Hearts,63,55,100,30,77,30,Marvel Comics,good,Male,Human
351,Jack-Jack,6,34,67,80,100,6,Dark Horse Comics,good,Male,Human
352,James Bond,88,13,17,35,25,90,Titan Books,good,Male,Human
353,James T. Kirk,69,11,17,30,30,75,Star Trek,good,Male,Human
354,Jar Jar Binks,10,6,33,10,21,15,George Lucas,good,Male,Gungan
355,Jason Bourne,88,12,29,30,26,100,,good,Male,Human
356,Jean Grey,94,80,21,20,92,70,Phoenix,good,Female,Mutant
357,Jean-Luc Picard,75,10,17,30,26,65,Star Trek,good,Male,Human
358,Jennifer Kale,75,10,35,42,74,72,Marvel Comics,good,Female,
359,Jesse Quick,,42,,,,,Liberty Belle II,good,Female,Human
360,Jessica Cruz,56,90,46,50,100,55,DC Comics,good,Female,Human
361,Jessica Jones,56,44,50,70,18,55,Power Woman,good,Female,Human
362,Jessica Sanders,,,,,,,NBC - Heroes,good,Female,
363,Jigsaw,,,,,,,Marvel Comics,bad,Male,
364,Jim Powell,38,38,23,80,23,20,ABC Studios,good,Male,
365,JJ Powell,88,10,8,10,14,10,ABC Studios,good,Male,
366,Johann Krauss,,30,,,,,Dark Horse Comics,good,Male,
367,John Constantine,63,10,8,40,54,65,DC Comics,good,Male,Human
368,John Stewart,56,85,42,64,100,65,DC Comics,good,Male,Human
369,John Wraith,75,12,35,28,87,80,Marvel Comics,good,Male,
370,Joker,100,10,12,60,43,70,DC Comics,bad,Male,Human
371,Jolt,63,12,27,32,31,42,Marvel Comics,good,Female,
372,Jubilee,56,8,22,20,66,90,Marvel Comics,good,Female,Mutant
373,Judge Dredd,75,18,38,50,52,95,Rebellion,good,Male,Human
374,Juggernaut,44,100,42,100,85,70,Marvel Comics,neutral,Male,Human
375,Junkpile,50,38,17,90,81,30,Marvel Comics,bad,Male,Mutant
376,Justice,50,10,33,70,55,30,Marvel Comics,good,Male,Human
377,Jyn Erso,,,,,,,George Lucas,good,Female,Human
378,K-2SO,,,,,,,George Lucas,good,Male,Android
379,Kang,100,48,58,70,100,70,Iron Lad,bad,Male,
380,Kathryn Janeway,75,8,21,25,21,50,Star Trek,good,Female,Human
381,Katniss Everdeen,56,8,21,25,24,55,,good,Female,Human
382,Kevin 11,25,7,12,14,100,40,DC Comics,good,Male,Human
383,Kick-Ass,38,10,23,35,22,56,Icon Comics,good,Male,Human
384,Kid Flash,25,4,92,42,20,30,DC Comics,good,Male,Human
385,Kid Flash II,,47,,,,,Flash IV,good,Male,
386,Killer Croc,19,53,35,90,53,60,DC Comics,bad,Male,Metahuman
387,Killer Frost,88,10,13,35,59,30,DC Comics,bad,Female,Human
388,Kilowog,81,90,53,42,100,80,DC Comics,good,Male,Bolovaxian
389,King Kong,56,100,71,75,47,75,,good,Male,Animal
390,King Shark,50,88,50,90,86,40,DC Comics,bad,Male,Animal
391,Kingpin,75,18,25,40,13,70,Marvel Comics,bad,Male,Human
392,Klaw,63,38,33,100,62,60,Marvel Comics,bad,Male,Human
393,Kool-Aid Man,25,18,8,10,9,14,,good,Male,
394,Kraven II,50,34,23,28,43,85,Marvel Comics,bad,Male,Human
395,Kraven the Hunter,63,32,35,42,25,85,Marvel Comics,bad,Male,Human
396,Krypto,9,80,100,90,82,40,DC Comics,good,Male,Kryptonian
397,Kyle Rayner,69,90,50,60,100,60,DC Comics,good,Male,Human
398,Kylo Ren,56,44,33,30,100,70,George Lucas,bad,Male,Human
399,Lady Bullseye,,63,,,,,Marvel Comics,bad,Female,
400,Lady Deathstrike,63,28,42,85,48,90,Marvel Comics,bad,Female,Cyborg
401,Leader,100,10,12,14,59,42,Marvel Comics,bad,Male,
402,Leech,25,5,12,14,62,14,Marvel Comics,good,Male,
403,Legion,50,100,42,30,100,75,Marvel Comics,good,Male,Mutant
404,Leonardo,75,16,50,65,59,80,IDW Publishing,good,Male,Mutant
405,Lex Luthor,100,53,25,65,68,70,DC Comics,bad,Male,Human
406,Light Lass,38,10,35,28,67,42,DC Comics,good,Female,
407,Lightning Lad,38,10,23,28,60,42,DC Comics,good,Male,
408,Lightning Lord,44,10,23,42,66,42,DC Comics,bad,Male,
409,Living Brain,75,53,35,56,31,28,Marvel Comics,bad,,
410,Living Tribunal,100,100,100,100,100,30,Marvel Comics,neutral,,Cosmic Entity
411,Liz Sherman,,,,,,,Dark Horse Comics,good,Female,
412,Lizard,50,51,27,70,63,56,Marvel Comics,bad,Male,Human
413,Lobo,94,100,54,100,100,85,DC Comics,neutral,Male,Czarnian
414,Loki,88,63,46,85,100,60,Marvel Comics,bad,Male,Asgardian
415,Longshot,50,10,27,10,71,70,Marvel Comics,good,Male,Human
416,Luke Cage,50,63,29,95,44,70,Power Man,good,Male,Human
417,Luke Campbell,,,,,,,NBC - Heroes,bad,Male,
418,Luke Skywalker,69,38,42,25,100,100,George Lucas,good,Male,Human
419,Luna,38,6,83,14,53,14,Marvel Comics,good,Female,Human
420,Lyja,,,,,,,Marvel Comics,good,Female,
421,Mach-IV,75,36,60,84,60,56,Marvel Comics,bad,Male,
422,Machine Man,63,32,35,84,51,64,Marvel Comics,good,,
423,Magneto,88,80,27,84,91,80,Marvel Comics,bad,Male,Mutant
424,Magog,50,48,23,64,66,72,DC Comics,good,Male,
425,Magus,88,100,70,99,100,74,Marvel Comics,bad,Male,
426,Man of Miracles,100,100,100,100,100,100,Image Comics,,,God / Eternal
427,Man-Bat,38,18,50,70,33,30,DC Comics,neutral,Male,Human
428,Man-Thing,50,32,8,100,100,40,Marvel Comics,good,Male,
429,Man-Wolf,63,44,35,42,45,70,Marvel Comics,good,Male,
430,Mandarin,100,28,23,28,100,95,Marvel Comics,bad,Male,Human
431,Mantis,63,8,33,80,100,80,Marvel Comics,good,Female,Human-Kree
432,Martian Manhunter,100,95,92,100,100,85,DC Comics,good,Male,Martian
433,Marvel Girl,63,85,47,42,100,80,Marvel Comics,good,Female,
434,Master Brood,,,,,,,Team Epic TV,good,Male,
435,Master Chief,75,73,35,80,69,100,Microsoft,good,Male,Human / Altered
436,Match,75,95,83,85,100,70,DC Comics,bad,Male,
437,Matt Parkman,63,10,12,14,59,56,NBC - Heroes,good,Male,
438,Maverick,63,10,12,42,60,85,Marvel Comics,good,Male,
439,Maxima,75,90,35,56,81,75,DC Comics,bad,Female,
440,Maya Herrera,50,10,12,14,60,14,NBC - Heroes,good,Female,
441,Medusa,75,34,35,70,37,56,Marvel Comics,good,Female,Inhuman
442,Meltdown,38,10,12,42,62,64,Boom-Boom,good,Female,
443,Mephisto,88,85,35,95,100,42,Marvel Comics,bad,Male,
444,Mera,56,62,79,60,92,80,DC Comics,good,Female,Atlantean
445,Metallo,75,53,23,95,86,64,DC Comics,bad,Male,Android
446,Metamorpho,,82,,,,,DC Comics,good,Male,
447,Meteorite,,,,,,,Marvel Comics,good,Female,
448,Metron,88,10,47,56,100,28,DC Comics,good,Male,
449,Micah Sanders,63,8,12,14,57,14,NBC - Heroes,good,Male,
450,Michelangelo,63,14,50,65,59,75,IDW Publishing,good,Male,Mutant
451,Micro Lad,38,28,27,28,44,32,DC Comics,good,Male,
452,Mimic,63,67,47,56,79,42,Marvel Comics,good,Male,
453,Minna Murray,,,,,,,Wildstorm,good,Female,
454,Misfit,63,32,23,80,91,42,Batgirl V,good,Female,
455,Miss Martian,63,85,58,100,100,45,DC Comics,good,Female,
456,Mister Fantastic,100,10,18,70,33,64,Marvel Comics,good,Male,Human / Radiation
457,Mister Freeze,75,32,12,70,37,28,DC Comics,bad,Male,Human
458,Mister Knife,75,10,17,30,13,65,Marvel Comics,bad,Male,Spartoi
459,Mister Mxyzptlk,100,85,100,100,100,50,DC Comics,bad,Male,God / Eternal
460,Mister Sinister,100,48,46,90,100,50,Marvel Comics,bad,Male,Human / Altered
461,Mister Zsasz,88,22,33,28,18,85,DC Comics,bad,Male,Human
462,Mockingbird,75,31,38,20,48,95,Marvel Comics,good,Female,Human
463,MODOK,100,18,25,25,79,15,Marvel Comics,bad,Male,Cyborg
464,Mogo,,,,,,,DC Comics,good,Male,Planet
465,Mohinder Suresh,,,,,,,NBC - Heroes,good,Male,
466,Moloch,,,,,,,DC Comics,bad,Male,
467,Molten Man,50,73,23,84,53,56,Marvel Comics,bad,Male,
468,Monarch,,100,,,,,DC Comics,good,Male,
469,Monica Dawson,50,10,35,14,48,90,NBC - Heroes,good,Female,
470,Moon Knight,50,36,23,42,28,75,Marvel Comics,good,Male,Human
471,Moonstone,56,67,47,52,74,80,Marvel Comics,bad,Female,
472,Morlun,63,60,35,42,74,56,Marvel Comics,bad,Male,
473,Morph,,40,,,,,Marvel Comics,good,Male,
474,Moses Magnum,75,28,12,42,55,56,Marvel Comics,bad,Male,
475,Mr Immortal,50,10,8,100,69,30,Marvel Comics,good,Male,Mutant
476,Mr Incredible,50,83,33,95,29,40,Dark Horse Comics,good,Male,Human
477,Ms Marvel II,38,63,23,84,11,56,She-Thing,good,Female,
478,Multiple Man,63,11,23,70,28,62,Marvel Comics,good,Male,
479,Mysterio,81,10,17,40,82,70,Marvel Comics,bad,Male,Human
480,Mystique,75,12,23,64,64,74,Marvel Comics,bad,Female,Mutant
481,Namor,69,95,58,70,73,85,Marvel Comics,good,Male,Atlantean
482,Namor,,,,,,,Marvel Comics,good,Male,
483,Namora,50,85,42,42,48,64,Marvel Comics,good,Female,
484,Namorita,50,72,47,70,37,70,Marvel Comics,good,Female,
485,Naruto Uzumaki,50,80,32,80,100,100,Shueisha,good,Male,Human
486,Nathan Petrelli,,,,,,,NBC - Heroes,good,Male,
487,Nebula,63,52,13,50,42,60,Marvel Comics,bad,Female,Luphomoid
488,Negasonic Teenage Warhead,50,7,8,10,45,35,Marvel Comics,good,Female,Mutant
489,Nick Fury,75,11,23,42,25,100,Marvel Comics,good,Male,Human
490,Nightcrawler,50,10,47,14,76,80,Marvel Comics,good,Male,
491,Nightwing,88,11,33,28,36,100,Batman II,good,Male,Human
492,Niki Sanders,63,52,35,28,37,56,NBC - Heroes,good,Female,
493,Nina Theroux,63,5,8,10,68,20,SyFy,good,Female,Alpha
494,Nite Owl II,,45,,,,,DC Comics,good,Male,
495,Northstar,50,18,83,56,65,70,Marvel Comics,good,Male,
496,Nova,100,85,75,100,100,80,Marvel Comics,good,Male,Human
497,Nova,63,60,100,100,100,35,Marvel Comics,good,Female,Human / Cosmic
498,Odin,100,83,67,95,100,90,Marvel Comics,good,Male,God / Eternal
499,Offspring,50,10,35,99,100,56,DC Comics,good,Male,
500,Omega Red,,61,,,,,Marvel Comics,bad,Male,
501,Omniscient,,,,,,,Team Epic TV,good,Male,
502,One Punch Man,38,100,83,95,55,50,Shueisha,good,Male,Human
503,One-Above-All,100,100,100,100,100,100,Marvel Comics,neutral,,Cosmic Entity
504,Onslaught,88,100,33,100,100,55,Marvel Comics,bad,Male,Mutant
505,Oracle,75,11,23,28,19,76,Batgirl,good,Female,Human
506,Osiris,75,85,60,95,65,42,DC Comics,good,Male,
507,Overtkill,,,,,,,Image Comics,bad,Male,
508,Ozymandias,100,18,33,20,49,95,DC Comics,bad,Male,Human
509,Parademon,9,28,17,50,53,25,DC Comics,bad,,Parademon
510,Paul Blart,8,11,21,50,7,5,Sony Pictures,good,Male,Human
511,Penance,,,,,,,Marvel Comics,good,,
512,Penance I,,,,,,,Marvel Comics,good,Female,
513,Penance II,,20,,,,,Speedball,good,Male,
514,Penguin,75,10,12,28,30,45,DC Comics,bad,Male,Human
515,Phantom,,48,,,,,DC Comics,good,Male,
516,Phantom Girl,38,10,23,28,53,42,DC Comics,good,Female,
517,Phoenix,100,100,83,100,100,80,Jean Grey,good,Female,Mutant
518,Plantman,63,60,25,55,61,25,Marvel Comics,bad,Male,Mutant
519,Plastic Lad,,,,,,,DC Comics,good,Male,
520,Plastic Man,50,63,23,100,100,56,DC Comics,good,Male,Human
521,Plastique,50,10,23,28,60,42,DC Comics,bad,Female,
522,Poison Ivy,81,14,21,40,100,40,DC Comics,bad,Female,Human
523,Polaris,63,73,42,50,100,45,Marvel Comics,good,Female,Mutant
524,Power Girl,94,100,100,100,100,75,DC Comics,good,Female,Kryptonian
525,Power Man,,82,,,,,Luke Cage,good,Male,Mutant
526,Predator,63,30,25,85,100,90,Dark Horse Comics,bad,Male,Yautja
527,Professor X,100,8,12,14,100,32,Marvel Comics,good,Male,Mutant
528,Professor Zoom,94,10,100,20,83,20,DC Comics,bad,Male,Human
529,Psylocke,63,33,25,40,100,90,Marvel Comics,good,Female,Mutant
530,Punisher,69,16,21,45,42,100,Marvel Comics,good,Male,Human
531,Purple Man,56,10,8,30,92,10,Marvel Comics,bad,Male,Human
532,Pyro,38,10,12,14,54,28,Marvel Comics,bad,Male,
533,Q,100,12,17,100,100,40,Star Trek,,Male,God / Eternal
534,Quantum,,,,,,,HarperCollins,good,Male,
535,Question,81,14,27,35,20,80,DC Comics,good,Male,Human
536,Quicksilver,63,28,100,60,81,56,Marvel Comics,good,Male,Mutant
537,Quill,38,10,12,14,23,14,Marvel Comics,good,Male,
538,Ra's Al Ghul,100,28,32,42,27,100,DC Comics,bad,Male,Human
539,Rachel Pirzad,63,4,8,10,52,10,SyFy,good,Female,Alpha
540,Rambo,63,14,25,30,30,100,,good,Male,Human
541,Raphael,63,17,50,65,59,80,IDW Publishing,good,Male,Mutant
542,Raven,50,10,29,70,84,40,DC Comics,neutral,Female,Human
543,Ray,50,10,92,100,100,20,DC Comics,good,Male,Human
544,Razor-Fist II,,,,,,,Marvel Comics,bad,Male,
545,Red Arrow,63,16,25,20,23,80,DC Comics,good,Male,Human
546,Red Hood,75,12,23,28,35,95,Robin II,neutral,Male,Human
547,Red Hulk,50,100,47,85,82,75,Marvel Comics,neutral,Male,Human / Radiation
548,Red Mist,25,10,23,14,20,56,Icon Comics,bad,Male,
549,Red Robin,81,11,27,32,29,80,Robin III,good,Male,Human
550,Red Skull,75,10,12,14,19,80,Marvel Comics,bad,Male,
551,Red Tornado,75,38,67,60,100,40,DC Comics,good,Male,Android
552,Redeemer II,,,,,,,Image Comics,bad,Male,
553,Redeemer III,,,,,,,Image Comics,bad,Male,
554,Renata Soliz,,,,,,,HarperCollins,good,Female,
555,Rey,63,8,21,10,87,35,George Lucas,good,Female,Human
556,Rhino,25,80,43,90,36,85,Marvel Comics,bad,Male,Human / Radiation
557,Rick Flag,88,11,23,28,19,95,DC Comics,bad,Male,
558,Riddler,100,10,12,14,10,14,DC Comics,bad,Male,
559,Rip Hunter,100,8,8,10,100,25,DC Comics,good,Male,Human
560,Ripcord,,,,,,,Marvel Comics,good,Female,
561,Robin,88,11,27,28,32,85,Batman II,good,Male,Human
562,Robin II,75,11,27,28,28,85,Red Hood,good,Male,Human
563,Robin III,81,11,27,28,29,85,Red Robin,good,Male,Human
564,Robin V,69,8,33,16,29,65,DC Comics,good,Male,Human
565,Robin VI,50,8,25,20,17,70,DC Comics,neutral,Female,Human
566,Rocket Raccoon,50,5,23,28,28,64,Marvel Comics,good,Male,Animal
567,Rogue,75,10,12,28,80,80,Marvel Comics,good,Female,
568,Ronin,56,12,21,10,13,80,Goliath,good,Male,Human
569,Rorschach,75,10,29,20,23,80,DC Comics,good,Male,Human
570,Sabretooth,56,48,38,90,50,100,Marvel Comics,bad,Male,Mutant
571,Sage,75,10,12,14,28,56,Marvel Comics,good,Female,
572,Sandman,44,75,46,90,100,60,Marvel Comics,neutral,Male,Human
573,Sasquatch,75,80,23,56,15,42,Marvel Comics,good,Male,
574,Sauron,88,85,33,100,100,70,J. R. R. Tolkien,bad,Male,Maiar
575,Savage Dragon,63,70,54,85,66,72,Image Comics,good,Male,
576,Scarecrow,81,10,12,14,48,50,DC Comics,bad,Male,Human
577,Scarlet Spider,75,53,60,74,46,56,Spider-Carnage,good,Male,Human
578,Scarlet Spider II,88,55,60,40,37,56,Marvel Comics,good,Male,Clone
579,Scarlet Witch,100,10,29,70,100,80,Marvel Comics,bad,Female,Mutant
580,Scorpia,38,28,42,28,34,28,Marvel Comics,bad,Female,
581,Scorpion,50,52,60,85,49,80,Venom III,bad,Male,Human
582,Sebastian Shaw,63,85,12,95,36,56,Marvel Comics,bad,Male,Mutant
583,Sentry,75,100,100,84,100,40,Marvel Comics,neutral,Male,Mutant
584,Shadow King,75,12,27,100,100,75,Marvel Comics,good,,
585,Shadow Lass,63,10,67,20,79,80,DC Comics,good,Female,Talokite
586,Shadowcat,88,8,21,25,69,70,Marvel Comics,good,Female,Mutant
587,Shang-Chi,63,12,30,50,29,100,Marvel Comics,good,Male,Human
588,Shatterstar,63,48,45,64,49,84,Marvel Comics,good,Male,
589,She-Hulk,81,100,42,100,40,70,Marvel Comics,good,Female,Human
590,She-Thing,69,72,21,80,23,65,Ms Marvel II,good,Female,Human / Radiation
591,Shocker,63,10,23,70,79,56,Marvel Comics,bad,Male,Human
592,Shriek,50,10,23,28,45,42,Marvel Comics,good,Female,
593,Shrinking Violet,,,,,,,DC Comics,good,Female,
594,Sif,63,90,67,80,100,70,Marvel Comics,good,Female,Asgardian
595,Silk,75,48,71,70,71,65,Marvel Comics,good,Female,Human
596,Silk Spectre,,,,,,,DC Comics,good,Female,
597,Silk Spectre II,,51,,,,,DC Comics,good,Female,
598,Silver Surfer,56,100,100,90,100,32,Marvel Comics,good,Male,Alien
599,Silverclaw,50,28,35,42,34,42,Marvel Comics,good,Female,
600,Simon Baz,56,90,42,55,100,60,DC Comics,good,Male,Human
601,Sinestro,75,85,53,64,100,55,DC Comics,neutral,Male,Korugaran
602,Siren,56,62,79,60,92,60,DC Comics,bad,Female,Atlantean
603,Siren II,,,,,,,DC Comics,bad,Female,
604,Siryn,38,8,47,28,50,42,Marvel Comics,bad,Female,
605,Skaar,50,85,27,90,69,85,Marvel Comics,good,Male,
606,Snake-Eyes,,,,,,,Marvel Comics,bad,Male,Animal
607,Snowbird,50,32,27,42,70,52,Marvel Comics,good,Female,
608,Sobek,50,34,23,46,20,56,DC Comics,good,Male,
609,Solomon Grundy,9,93,13,100,92,30,DC Comics,bad,Male,Zombie
610,Songbird,75,36,27,42,55,56,Marvel Comics,good,Female,
611,Space Ghost,38,18,33,40,95,80,DC Comics,good,Male,Human
612,Spawn,75,60,50,90,100,95,Image Comics,good,Male,Demon
613,Spectre,88,100,100,100,100,70,Aztar,good,Male,God / Eternal
614,Speedball,,,,,,,Penance II,good,Male,
615,Speedy,50,6,33,20,26,70,DC Comics,good,Female,Human
616,Speedy,,,,,,,Arsenal,good,Male,Human
617,Spider-Carnage,,69,,,,,Scarlet Spider,bad,Male,Symbiote
618,Spider-Girl,63,38,60,65,53,75,Marvel Comics,good,Female,Human
619,Spider-Gwen,75,55,63,70,66,70,Marvel Comics,good,Female,Human
620,Spider-Man,90,55,67,75,74,85,Marvel Comics,good,Male,Human
621,Spider-Man,,57,,,,,Marvel Comics,good,,Human
622,Spider-Man,,58,,,,,Marvel Comics,good,Male,Human
623,Spider-Woman,56,42,42,60,68,70,Marvel Comics,good,Female,Human
624,Spider-Woman II,,,,,,,Marvel Comics,good,Female,
625,Spider-Woman III,50,48,27,42,60,28,Marvel Comics,good,Female,
626,Spider-Woman IV,,,,,,,Marvel Comics,bad,Female,
627,Spock,81,18,17,40,56,40,Star Trek,good,Male,Human-Vulcan
628,Spyke,50,12,17,60,48,30,Marvel Comics,good,Male,Mutant
629,Stacy X,,,,,,,Marvel Comics,good,Female,
630,Star-Lord,69,20,33,50,25,70,Marvel Comics,good,Male,Human-Spartoi
631,Stardust,88,85,100,110,100,85,Marvel Comics,good,Male,
632,Starfire,50,80,33,85,59,70,DC Comics,good,Female,Tamaranean
633,Stargirl,63,80,25,90,87,55,DC Comics,good,Female,Human
634,Static,69,8,42,50,90,40,DC Comics,good,Male,Mutant
635,Steel,81,82,53,90,64,64,DC Comics,good,Male,
636,Stephanie Powell,69,10,54,10,24,10,ABC Studios,good,Female,
637,Steppenwolf,94,100,83,100,100,100,DC Comics,bad,Male,New God
638,Storm,75,10,47,30,88,75,Marvel Comics,good,Female,Mutant
639,Stormtrooper,10,8,8,15,5,20,George Lucas,bad,Male,Human
640,Sunspot,63,63,35,25,90,70,Marvel Comics,good,Male,Mutant
641,Superboy,75,95,83,90,95,60,DC Comics,good,Male,
642,Superboy-Prime,94,100,100,100,100,85,DC Comics,bad,Male,Kryptonian
643,Supergirl,94,100,100,100,100,75,DC Comics,good,Female,Kryptonian
644,Superman,94,100,100,100,100,85,Superman Prime One-Million,good,Male,Kryptonian
645,Swamp Thing,88,95,25,100,100,55,DC Comics,bad,Male,God / Eternal
646,Swarm,75,18,50,90,38,35,Marvel Comics,bad,Male,Mutant
647,Sylar,75,10,12,28,91,56,NBC - Heroes,bad,Male,
648,Synch,75,67,23,28,74,56,Marvel Comics,good,Male,
649,T-1000,75,34,33,100,100,75,Dark Horse Comics,bad,Male,Android
650,T-800,75,34,17,60,73,65,Dark Horse Comics,bad,Male,Cyborg
651,T-850,75,80,25,90,83,75,Dark Horse Comics,bad,Male,Cyborg
652,T-X,75,63,29,85,100,80,Dark Horse Comics,bad,Female,Cyborg
653,Taskmaster,75,12,50,20,63,100,Marvel Comics,bad,Male,Human
654,Tempest,38,10,45,28,66,60,Angel Salvadore,good,Female,
655,Thanos,100,100,33,100,100,80,Marvel Comics,bad,Male,Eternal
656,The Cape,38,10,23,32,22,64,,good,Male,
657,The Comedian,63,14,17,10,12,80,DC Comics,neutral,Male,Human
658,Thing,75,84,21,100,38,80,Marvel Comics,good,Male,Human / Radiation
659,Thor,69,100,83,100,100,100,Rune King Thor,good,Male,Asgardian
660,Thor Girl,75,83,70,84,100,70,Marvel Comics,good,Female,Asgardian
661,Thunderbird,50,32,27,32,13,70,Marvel Comics,good,Male,
662,Thunderbird II,,,,,,,Warpath,good,Male,
663,Thunderbird III,,,,,,,Marvel Comics,good,Male,
664,Thunderstrike,63,80,70,84,42,72,Marvel Comics,good,Male,
665,Thundra,38,81,32,64,26,54,Marvel Comics,good,Female,
666,Tiger Shark,38,72,46,70,51,28,Marvel Comics,bad,Male,Human
667,Tigra,63,32,53,38,33,90,Marvel Comics,good,Female,
668,Tinkerer,100,10,23,14,10,14,Marvel Comics,bad,Male,
669,Titan,,,,,,,HarperCollins,good,Male,
670,Toad,50,34,58,56,70,28,Marvel Comics,neutral,Male,Mutant
671,Toxin,56,73,70,84,82,70,Marvel Comics,good,Male,Symbiote
672,Toxin,75,80,42,85,97,70,Anti-Venom,good,Male,Symbiote
673,Tracy Strauss,,,,,,,NBC - Heroes,good,Female,
674,Trickster,,,,,,,DC Comics,,Male,Human
675,Trigon,,99,,,,,DC Comics,bad,Male,God / Eternal
676,Triplicate Girl,63,10,23,42,44,42,DC Comics,good,Female,
677,Triton,56,63,50,65,35,55,Marvel Comics,good,Male,Inhuman
678,Two-Face,88,10,12,14,9,28,DC Comics,bad,Male,
679,Ultragirl,50,80,35,70,35,80,Marvel Comics,good,Female,
680,Ultron,88,83,42,100,100,64,Marvel Comics,bad,Male,Android
681,Utgard-Loki,50,80,23,84,85,64,Marvel Comics,bad,Male,Frost Giant
682,Vagabond,,,,,,,Marvel Comics,good,Female,
683,Valerie Hart,,,,,,,Team Epic TV,good,Female,
684,Valkyrie,,94,,,,,Marvel Comics,good,Female,
685,Vanisher,63,10,75,56,61,42,Marvel Comics,bad,Male,
686,Vegeta,81,100,92,95,100,100,Shueisha,bad,Male,Saiyan
687,Venom,75,57,65,84,86,84,Anti-Venom,bad,Male,Symbiote
688,Venom II,50,57,47,70,54,56,Marvel Comics,bad,Male,
689,Venom III,63,73,35,90,73,56,Scorpion,bad,Male,Symbiote
690,Venompool,69,57,63,100,100,100,Deadpool,,Male,Symbiote
691,Vertigo II,,,,,,,Blaquesmith,good,Female,
692,Vibe,50,10,17,30,99,30,DC Comics,good,Male,Human
693,Vindicator,63,63,53,64,58,70,Vindicator II,good,Female,Human
694,Vindicator,,,,,,,Marvel Comics,good,Male,
695,Violator,,53,,,,,Image Comics,bad,Male,
696,Violet Parr,56,9,13,50,79,15,Dark Horse Comics,good,Female,Human
697,Vision,100,72,54,95,100,70,Anti-Vision,good,Male,Android
698,Vision II,,,,,,,Anti-Vision,good,,
699,Vixen,50,38,50,50,62,25,DC Comics,good,Female,Human
700,Vulcan,,56,,,,,Marvel Comics,good,Male,
701,Vulture,75,22,42,25,26,30,Marvel Comics,bad,Male,Human
702,Walrus,50,28,8,50,11,20,Marvel Comics,bad,Male,Human
703,War Machine,63,80,63,100,100,85,Marvel Comics,good,Male,Human
704,Warbird,,,,,,,Binary,good,Female,
705,Warlock,88,36,79,95,71,95,Marvel Comics,good,Male,
706,Warp,38,10,23,28,85,50,DC Comics,bad,Male,
707,Warpath,38,72,47,70,26,84,Thunderbird II,good,Male,Mutant
708,Wasp,63,17,58,52,29,42,Marvel Comics,good,Female,Human
709,Watcher,100,80,67,89,100,56,Marvel Comics,good,Male,
710,Weapon XI,,,,,,,Marvel Comics,bad,Male,
711,White Canary,63,7,33,15,49,90,DC Comics,bad,Female,Human
712,White Queen,,,,,,,Marvel Comics,good,Female,
713,Wildfire,50,32,23,100,77,42,DC Comics,good,Male,
714,Winter Soldier,56,32,35,65,60,84,Marvel Comics,good,Male,Human
715,Wiz Kid,,,,,,,Marvel Comics,good,,
716,Wolfsbane,38,16,35,42,26,42,Marvel Comics,good,Female,
717,Wolverine,63,32,50,100,89,100,Marvel Comics,good,Male,Mutant
718,Wonder Girl,75,90,25,80,39,60,DC Comics,good,Female,Demi-God
719,Wonder Man,75,100,53,90,64,64,Marvel Comics,good,Male,
720,Wonder Woman,88,100,79,100,100,100,DC Comics,good,Female,Amazon
721,Wondra,,,,,,,Marvel Comics,good,Female,
722,Wyatt Wingfoot,10,10,12,1,1,56,Marvel Comics,good,Male,
723,X-23,75,24,42,100,55,95,Marvel Comics,good,Female,Mutant / Clone
724,X-Man,88,53,53,95,100,84,Marvel Comics,good,Male,
725,Yellow Claw,,,,,,,Marvel Comics,bad,Male,
726,Yellowjacket,88,10,12,28,12,14,Ant-Man,good,Male,Human
727,Yellowjacket II,50,10,35,28,31,28,Marvel Comics,good,Female,Human
728,Ymir,50,100,27,100,98,28,Marvel Comics,good,Male,Frost Giant
729,Yoda,88,52,33,25,100,90,George Lucas,good,Male,Yoda's species
730,Zatanna,81,10,23,28,100,56,DC Comics,good,Female,Human
731,Zoom,50,10,100,28,100,28,DC Comics,bad,Male,
